fightId,probability,fightTime
4,0.052734375,3861
,0.1845703125,4148
,0.3905639648,4461
,1,6500