fightId,probability,fightTime
8,0.052734375,4861
,0.2109375,5161
,0.369140625,5448
,0.421875,5725
,1,7500